{"cameraMode":{"drawMode":0,"name":"Shaded","section":"Shading Mode"},"sceneLighting":true,"audioPlay":false,"sceneViewState":{"showFog":true,"showMaterialUpdate":false,"showSkybox":true,"showFlares":true,"showImageEffects":true,"showParticleSystems":true},"in2DMode":false,"pivot":{"x":-2.67816424369812,"y":-2.3578197956085207,"z":0.16465115547180177},"rotation":{"x":-0.11100086569786072,"y":0.8793691992759705,"z":-0.25078240036964419,"w":-0.3892259895801544},"size":5.770683288574219,"orthographic":false}