{"cameraMode":{"drawMode":0,"name":"Shaded","section":"Shading Mode"},"sceneLighting":true,"audioPlay":false,"sceneViewState":{"showFog":true,"showMaterialUpdate":false,"showSkybox":false,"showFlares":true,"showImageEffects":true,"showParticleSystems":true},"in2DMode":false,"pivot":{"x":0.09000015258789063,"y":4.569999694824219,"z":0.022418975830078126},"rotation":{"x":0.4671778380870819,"y":0.02519001066684723,"z":-0.01331646554172039,"w":0.8837041854858398},"size":193.34947204589845,"orthographic":false}