{"cameraMode":{"drawMode":0,"name":"Shaded","section":"Shading Mode"},"sceneLighting":true,"audioPlay":false,"sceneViewState":{"showFog":true,"showMaterialUpdate":false,"showSkybox":false,"showFlares":true,"showImageEffects":true,"showParticleSystems":true},"in2DMode":false,"pivot":{"x":0.09000015258789063,"y":4.569999694824219,"z":0.022418975830078126},"rotation":{"x":-0.07218621671199799,"y":-0.041283342987298968,"z":0.0029877068009227516,"w":-0.9965319633483887},"size":101.4822769165039,"orthographic":false}