{"cameraMode":{"drawMode":0,"name":"Shaded","section":"Shading Mode"},"sceneLighting":false,"audioPlay":false,"sceneViewState":{"showFog":true,"showMaterialUpdate":false,"showSkybox":false,"showFlares":true,"showImageEffects":true,"showParticleSystems":true},"in2DMode":false,"pivot":{"x":-9.445798873901368,"y":5.372868537902832,"z":-0.1400442123413086},"rotation":{"x":0.45932984352111819,"y":0.014652765356004238,"z":-0.007578851189464331,"w":0.8881126642227173},"size":6.086826801300049,"orthographic":false}