{"cameraMode":{"drawMode":0,"name":"Shaded","section":"Shading Mode"},"sceneLighting":true,"audioPlay":false,"sceneViewState":{"showFog":true,"showMaterialUpdate":false,"showSkybox":false,"showFlares":true,"showImageEffects":true,"showParticleSystems":true},"in2DMode":false,"pivot":{"x":0.039999961853027347,"y":2.0,"z":0.009964942932128907},"rotation":{"x":0.24818302690982819,"y":-0.007268039509654045,"z":0.001861822442151606,"w":0.9686840772628784},"size":25.956621170043947,"orthographic":false}